<environmentvariabledefinition schemaname="rpakit_HostedRPAdashboardinPowerBIyoucanfillitlater">
  <defaultvalue>{"group":{"id":"92c44446-535c-408a-b42e-f824cbc268a0","name":"RPA Hosted Machine Groups"},"component":{"id":"1bedfb2a-d80c-4ee0-b8d6-5fd3b96ce536","name":"Dashboard","type":"Dashboard","embedUrl":"https://app.powerbi.com/dashboardEmbed"}}</defaultvalue>
  <displayname default="Hosted RPA dashboard in Power BI - you can fill it later">
    <label description="Hosted RPA dashboard in Power BI - you can fill it later" languagecode="1033" />
  </displayname>
  <introducedversion>1.0.0.5</introducedversion>
  <iscustomizable>1</iscustomizable>
  <isrequired>0</isrequired>
  <secretstore>0</secretstore>
  <type>100000003</type>
</environmentvariabledefinition>