{
  "properties": {
    "connectionReferences": {
      "shared_commondataserviceforapps": {
        "runtimeSource": "embedded",
        "connection": {
          "connectionReferenceLogicalName": "rpakit_sharedcommondataserviceforapps_947e5"
        },
        "api": {
          "name": "shared_commondataserviceforapps"
        }
      }
    },
    "definition": {
      "$schema": "https://schema.management.azure.com/providers/Microsoft.Logic/schemas/2016-06-01/workflowdefinition.json#",
      "contentVersion": "1.0.0.0",
      "parameters": {
        "$connections": {
          "defaultValue": {},
          "type": "Object"
        },
        "$authentication": {
          "defaultValue": {},
          "type": "SecureObject"
        },
        "Power Automate root URL (rpakit_PowerAutomaterootURL)": {
          "defaultValue": "https://make.powerautomate.com/environments/Default-bf5cf663-f186-471e-adf2-c7aaad3f3ffd/home",
          "type": "String",
          "metadata": {
            "schemaName": "rpakit_PowerAutomaterootURL",
            "description": "Go to make.powerautomate.com, and paste URL of the Home page. Example: https://make.powerautomate.com/environments/Default-bf5cf663-f186-471e-adf2-c7aaad3f3ffd/home"
          }
        }
      },
      "triggers": {
        "Recurrence": {
          "recurrence": {
            "frequency": "Minute",
            "interval": 10,
            "startTime": "2023-01-18T09:00:00Z"
          },
          "metadata": {
            "operationMetadataId": "088fc59f-60d0-4400-9cd0-6c6bdb1f632e"
          },
          "type": "Recurrence"
        }
      },
      "actions": {
        "Current_time": {
          "runAfter": {},
          "metadata": {
            "operationMetadataId": "7ea419bf-2d33-4269-9315-78106afea6f8"
          },
          "type": "Expression",
          "kind": "CurrentTime",
          "inputs": {}
        },
        "List_rows": {
          "runAfter": {
            "Initialize_variable": [
              "Succeeded"
            ]
          },
          "metadata": {
            "operationMetadataId": "f54e0df5-54f1-4ad1-9a37-dac95c42da41"
          },
          "type": "OpenApiConnection",
          "inputs": {
            "host": {
              "connectionName": "shared_commondataserviceforapps",
              "operationId": "ListRecords",
              "apiId": "/providers/Microsoft.PowerApps/apis/shared_commondataserviceforapps"
            },
            "parameters": {
              "entityName": "flowmachines",
              "fetchXml": "<fetch distinct='false' mapping='logical' aggregate='true'>\n    <entity name=\"flowmachine\">\n      <attribute name='name' alias='machine_count' aggregate='countcolumn' />\n       <link-entity name='flowmachinegroup' from='flowmachinegroupid' to='flowmachinegroupid'>\n          <attribute name='flowmachinegroupid' alias='fmgid' groupby='true' />\n   </link-entity>\n   </entity> \n</fetch>"
            },
            "authentication": "@parameters('$authentication')"
          }
        },
        "Apply_to_each": {
          "foreach": "@outputs('List_rows')?['body/value']",
          "actions": {
            "Get_a_row_by_ID": {
              "runAfter": {},
              "metadata": {
                "operationMetadataId": "75345dd3-5c82-47fe-b9cc-be769610fd02"
              },
              "type": "OpenApiConnection",
              "inputs": {
                "host": {
                  "connectionName": "shared_commondataserviceforapps",
                  "operationId": "GetItem",
                  "apiId": "/providers/Microsoft.PowerApps/apis/shared_commondataserviceforapps"
                },
                "parameters": {
                  "entityName": "flowmachinegroups",
                  "recordId": "@item()['fmgid']"
                },
                "authentication": "@parameters('$authentication')"
              }
            },
            "Add_a_new_row": {
              "runAfter": {
                "Get_a_row_by_ID": [
                  "Succeeded"
                ]
              },
              "metadata": {
                "operationMetadataId": "3bacc20a-a70d-42d1-a7a2-279d912ae5e4"
              },
              "type": "OpenApiConnection",
              "inputs": {
                "host": {
                  "connectionName": "shared_commondataserviceforapps",
                  "operationId": "CreateRecord",
                  "apiId": "/providers/Microsoft.PowerApps/apis/shared_commondataserviceforapps"
                },
                "parameters": {
                  "entityName": "rpakit_machinegroupsnapshots",
                  "item/rpakit_name": " @{outputs('Get_a_row_by_ID')?['body/name']} @{body('Current_time')}",
                  "item/rpakit_timestamp": "@body('Current_time')",
                  "item/rpakit_countrunning": "@item()['machine_count']",
                  "item/rpakit_MachineGroup@odata.bind": "flowmachinegroups(@{outputs('Get_a_row_by_ID')?['body/flowmachinegroupid']})",
                  "item/rpakit_managementtype": "@outputs('Get_a_row_by_ID')?['body/managementtype']",
                  "item/rpakit_maximummanagedmachinecount": "@outputs('Get_a_row_by_ID')?['body/maxmanagedmachinecount']",
                  "item/rpakit_powerautomatelink": "@{variables('URL root')}/monitor/machine-groups/@{outputs('Get_a_row_by_ID')?['body/flowmachinegroupid']}"
                },
                "authentication": "@parameters('$authentication')"
              }
            }
          },
          "runAfter": {
            "List_rows": [
              "Succeeded"
            ]
          },
          "metadata": {
            "operationMetadataId": "2ef97aa5-0ee1-4d02-8eff-1e63fc5dba58"
          },
          "type": "Foreach"
        },
        "Initialize_variable": {
          "runAfter": {
            "Current_time": [
              "Succeeded"
            ]
          },
          "metadata": {
            "operationMetadataId": "e09e8d9d-93df-4e80-8dc5-9f6090d9a411"
          },
          "type": "InitializeVariable",
          "inputs": {
            "variables": [
              {
                "name": "URL root",
                "type": "string",
                "value": "@{substring(parameters('Power Automate root URL (rpakit_PowerAutomaterootURL)'),0,sub(length(parameters('Power Automate root URL (rpakit_PowerAutomaterootURL)')),5))}"
              }
            ]
          }
        }
      }
    },
    "templateName": ""
  },
  "schemaVersion": "1.0.0.0"
}