<ImportExportXml version="9.2.22121.162" SolutionPackageVersion="9.2" languagecode="1033" generatedBy="CrmLive" xmlns:xsi="http://www.w3.org/2001/XMLSchema-instance">
  <SolutionManifest>
    <UniqueName>TrackMyHostedBots</UniqueName>
    <LocalizedNames>
      <LocalizedName description="Track My Hosted Bots" languagecode="1033" />
    </LocalizedNames>
    <Descriptions />
    <Version>1.0.0.2</Version>
    <Managed>0</Managed>
    <Publisher>
      <UniqueName>RPAkit</UniqueName>
      <LocalizedNames>
        <LocalizedName description="RPAkit" languagecode="1033" />
      </LocalizedNames>
      <Descriptions />
      <EMailAddress xsi:nil="true"></EMailAddress>
      <SupportingWebsiteUrl xsi:nil="true"></SupportingWebsiteUrl>
      <CustomizationPrefix>rpakit</CustomizationPrefix>
      <CustomizationOptionValuePrefix>34397</CustomizationOptionValuePrefix>
      <Addresses>
        <Address>
          <AddressNumber>1</AddressNumber>
          <AddressTypeCode>1</AddressTypeCode>
          <City xsi:nil="true"></City>
          <County xsi:nil="true"></County>
          <Country xsi:nil="true"></Country>
          <Fax xsi:nil="true"></Fax>
          <FreightTermsCode xsi:nil="true"></FreightTermsCode>
          <ImportSequenceNumber xsi:nil="true"></ImportSequenceNumber>
          <Latitude xsi:nil="true"></Latitude>
          <Line1 xsi:nil="true"></Line1>
          <Line2 xsi:nil="true"></Line2>
          <Line3 xsi:nil="true"></Line3>
          <Longitude xsi:nil="true"></Longitude>
          <Name xsi:nil="true"></Name>
          <PostalCode xsi:nil="true"></PostalCode>
          <PostOfficeBox xsi:nil="true"></PostOfficeBox>
          <PrimaryContactName xsi:nil="true"></PrimaryContactName>
          <ShippingMethodCode>1</ShippingMethodCode>
          <StateOrProvince xsi:nil="true"></StateOrProvince>
          <Telephone1 xsi:nil="true"></Telephone1>
          <Telephone2 xsi:nil="true"></Telephone2>
          <Telephone3 xsi:nil="true"></Telephone3>
          <TimeZoneRuleVersionNumber xsi:nil="true"></TimeZoneRuleVersionNumber>
          <UPSZone xsi:nil="true"></UPSZone>
          <UTCOffset xsi:nil="true"></UTCOffset>
          <UTCConversionTimeZoneCode xsi:nil="true"></UTCConversionTimeZoneCode>
        </Address>
        <Address>
          <AddressNumber>2</AddressNumber>
          <AddressTypeCode>1</AddressTypeCode>
          <City xsi:nil="true"></City>
          <County xsi:nil="true"></County>
          <Country xsi:nil="true"></Country>
          <Fax xsi:nil="true"></Fax>
          <FreightTermsCode xsi:nil="true"></FreightTermsCode>
          <ImportSequenceNumber xsi:nil="true"></ImportSequenceNumber>
          <Latitude xsi:nil="true"></Latitude>
          <Line1 xsi:nil="true"></Line1>
          <Line2 xsi:nil="true"></Line2>
          <Line3 xsi:nil="true"></Line3>
          <Longitude xsi:nil="true"></Longitude>
          <Name xsi:nil="true"></Name>
          <PostalCode xsi:nil="true"></PostalCode>
          <PostOfficeBox xsi:nil="true"></PostOfficeBox>
          <PrimaryContactName xsi:nil="true"></PrimaryContactName>
          <ShippingMethodCode>1</ShippingMethodCode>
          <StateOrProvince xsi:nil="true"></StateOrProvince>
          <Telephone1 xsi:nil="true"></Telephone1>
          <Telephone2 xsi:nil="true"></Telephone2>
          <Telephone3 xsi:nil="true"></Telephone3>
          <TimeZoneRuleVersionNumber xsi:nil="true"></TimeZoneRuleVersionNumber>
          <UPSZone xsi:nil="true"></UPSZone>
          <UTCOffset xsi:nil="true"></UTCOffset>
          <UTCConversionTimeZoneCode xsi:nil="true"></UTCConversionTimeZoneCode>
        </Address>
      </Addresses>
    </Publisher>
    <RootComponents>
      <RootComponent type="1" schemaName="flowmachinegroup" behavior="1" />
      <RootComponent type="1" schemaName="rpakit_machinegroupsnapshot" behavior="0" />
      <RootComponent type="29" id="{f21e923e-3997-ed11-aad0-002248a27321}" behavior="0" />
      <RootComponent type="29" id="{f4fd20f8-1f97-ed11-aad0-002248a27321}" behavior="0" />
      <RootComponent type="60" id="{7a6f40f9-3f97-ed11-aad0-002248a27321}" behavior="0" />
      <RootComponent type="62" schemaName="rpakit_MachineGroupsnapshotviewer" behavior="0" />
      <RootComponent type="80" schemaName="rpakit_MachineGroupsnapshotviewer" behavior="0" />
    </RootComponents>
    <MissingDependencies>
      <MissingDependency>
        <Required type="1" schemaName="flowmachine" displayName="Flow Machine" solution="MicrosoftFlowExtensionsCore (1.4.9.0)">
          <package>MicrosoftFlowExtensionsAnchor (1.4.9.0)</package>
        </Required>
        <Dependent type="29" displayName="Take Machine Group Snapshots" id="{f4fd20f8-1f97-ed11-aad0-002248a27321}" />
      </MissingDependency>
      <MissingDependency>
        <Required type="1" schemaName="flowmachinegroup" displayName="Flow Machine Group" solution="MicrosoftFlowExtensionsCore (1.4.9.0)">
          <package>MicrosoftFlowExtensionsAnchor (1.4.9.0)</package>
        </Required>
        <Dependent type="1" schemaName="flowmachinegroup" displayName="Flow Machine Group" />
      </MissingDependency>
      <MissingDependency>
        <Required type="1" schemaName="flowmachinegroup" displayName="Flow Machine Group" solution="MicrosoftFlowExtensionsCore (1.4.9.0)">
          <package>MicrosoftFlowExtensionsAnchor (1.4.9.0)</package>
        </Required>
        <Dependent type="10" schemaName="rpakit_rpakit_machinegroupsnapshot_MachineGroup_" displayName="rpakit_rpakit_machinegroupsnapshot_MachineGroup_" parentSchemaName="flowmachinegroup" parentDisplayName="Flow Machine Group" />
      </MissingDependency>
      <MissingDependency>
        <Required type="1" schemaName="flowmachinegroup" displayName="Flow Machine Group" solution="MicrosoftFlowExtensionsCore (1.4.9.0)">
          <package>MicrosoftFlowExtensionsAnchor (1.4.9.0)</package>
        </Required>
        <Dependent type="29" displayName="Take Machine Group Snapshots" id="{f4fd20f8-1f97-ed11-aad0-002248a27321}" />
      </MissingDependency>
      <MissingDependency>
        <Required type="2" schemaName="flowmachinegroupid" displayName="Flow Machine Group" parentSchemaName="flowmachinegroup" parentDisplayName="Flow Machine Group" solution="MicrosoftFlowExtensionsCore (1.4.9.0)">
          <package>MicrosoftFlowExtensionsAnchor (1.4.9.0)</package>
        </Required>
        <Dependent type="10" schemaName="rpakit_rpakit_machinegroupsnapshot_MachineGroup_" displayName="rpakit_rpakit_machinegroupsnapshot_MachineGroup_" parentSchemaName="flowmachinegroup" parentDisplayName="Flow Machine Group" />
      </MissingDependency>
      <MissingDependency>
        <Required type="2" schemaName="name" displayName="Name" parentSchemaName="flowmachinegroup" parentDisplayName="Flow Machine Group" solution="MicrosoftFlowExtensionsCore (1.4.9.0)">
          <package>MicrosoftFlowExtensionsAnchor (1.4.9.0)</package>
        </Required>
        <Dependent type="10" schemaName="rpakit_rpakit_machinegroupsnapshot_MachineGroup_" displayName="rpakit_rpakit_machinegroupsnapshot_MachineGroup_" parentSchemaName="flowmachinegroup" parentDisplayName="Flow Machine Group" />
      </MissingDependency>
      <MissingDependency>
        <Required type="61" schemaName="msdyn_/Images/AppModule_Default_Icon.png" displayName="msdyn_/Images/AppModule_Default_Icon.png" solution="AppModuleWebResources (2.5)" />
        <Dependent type="80" schemaName="rpakit_MachineGroupsnapshotviewer" displayName="Machine Group snapshot viewer" />
      </MissingDependency>
      <MissingDependency>
        <Required type="connectionreference" displayName="rpakit_sharedcommondataserviceforapps_947e5" solution="Active" id.connectionreferencelogicalname="rpakit_sharedcommondataserviceforapps_947e5" />
        <Dependent type="29" displayName="Remove snapshots after 28 days" id="{f21e923e-3997-ed11-aad0-002248a27321}" />
      </MissingDependency>
      <MissingDependency>
        <Required type="connectionreference" displayName="rpakit_sharedcommondataserviceforapps_947e5" solution="Active" id.connectionreferencelogicalname="rpakit_sharedcommondataserviceforapps_947e5" />
        <Dependent type="29" displayName="Take Machine Group Snapshots" id="{f4fd20f8-1f97-ed11-aad0-002248a27321}" />
      </MissingDependency>
    </MissingDependencies>
  </SolutionManifest>
</ImportExportXml>