<environmentvariabledefinition schemaname="rpakit_HostedRPAdashboard">
  <description default="this should point at the PBI dashboard that is part of the package">
    <label description="this should point at the PBI dashboard that is part of the package" languagecode="1033" />
  </description>
  <displayname default="Hosted RPA dashboard">
    <label description="Hosted RPA dashboard" languagecode="1033" />
  </displayname>
  <introducedversion>1.0.0.0</introducedversion>
  <iscustomizable>1</iscustomizable>
  <isrequired>0</isrequired>
  <secretstore>0</secretstore>
  <type>100000003</type>
</environmentvariabledefinition>