<environmentvariabledefinition schemaname="rpakit_PowerAutomaterootURL">
  <description default="Go to make.powerautomate.com, and paste URL of the Home page. Example: https://make.powerautomate.com/environments/Default-bf5cf663-f186-471e-adf2-c7aaad3f3ffd/home">
    <label description="Go to make.powerautomate.com, and paste URL of the Home page. Example: https://make.powerautomate.com/environments/Default-bf5cf663-f186-471e-adf2-c7aaad3f3ffd/home" languagecode="1033" />
  </description>
  <displayname default="Power Automate root URL">
    <label description="Power Automate root URL" languagecode="1033" />
  </displayname>
  <introducedversion>1.0.0.0</introducedversion>
  <iscustomizable>1</iscustomizable>
  <isrequired>0</isrequired>
  <secretstore>0</secretstore>
  <type>100000000</type>
</environmentvariabledefinition>