<environmentvariabledefinition schemaname="rpakit_HostedRPA">
  <description default="fill it once you publish the report and add to a public workspace">
    <label description="fill it once you publish the report and add to a public workspace" languagecode="1033" />
  </description>
  <displayname default="Hosted RPA dashboard link">
    <label description="Hosted RPA dashboard link" languagecode="1033" />
  </displayname>
  <introducedversion>1.0.0.2</introducedversion>
  <iscustomizable>1</iscustomizable>
  <isrequired>0</isrequired>
  <secretstore>0</secretstore>
  <type>100000003</type>
</environmentvariabledefinition>